country,year,donors,pop,pop.dens,gdp,gdp.lag,health,health.lag,pubhealth,roads,cerebvas,assault,external,txp.pop,world,opt,consent.law,consent.practice,consistent,ccode
Australia,NA,NA,17065,0.220443289300653,16774,16591,1300.0,1224.0,4.8,136.595370641664,682,21,444,0.937591561675945,Liberal,In,Informed,Informed,Yes,Oz
Australia,1991,12.09,17284,0.223272300748461,17171,16774,1379.0,1300.0,5.4,122.251793566304,647,19,425,0.925711640823883,Liberal,In,Informed,Informed,Yes,Oz
Australia,1992,12.35,17495,0.225997969312331,17914,17171,1455.0,1379.0,5.4,112.832237782224,630,17,406,0.914547013432409,Liberal,In,Informed,Informed,Yes,Oz
Australia,1993,12.51,17667,0.228219841317002,18883,17914,1540.0,1455.0,5.4,110.545084055018,611,18,376,0.90564328974925,Liberal,In,Informed,Informed,Yes,Oz
Australia,1994,10.25,17855,0.230648399089549,19849,18883,1626.0,1540.0,5.4,107.980957714926,631,17,387,0.896107532903948,Liberal,In,Informed,Informed,Yes,Oz
Australia,1995,10.18,18072,0.233451574816373,21079,19849,1737.0,1626.0,5.5,111.609119079239,592,16,371,0.885347498893316,Liberal,In,Informed,Informed,Yes,Oz
Australia,1996,10.59,18311,0.236538943474026,21923,21079,1846.0,1737.0,5.6,107.585604281579,576,17,395,0.873791709901152,Liberal,In,Informed,Informed,Yes,Oz
Australia,1997,10.26,18518,0.239212940595927,22961,21923,1948.0,1846.0,5.7,95.4206717788098,525,17,385,0.864024192677395,Liberal,In,Informed,Informed,Yes,Oz
Australia,1998,10.48,18711,0.241706087670936,24148,22961,2077.0,1948.0,5.9,93.7950937950938,516,16,410,0.855111966223077,Liberal,In,Informed,Informed,Yes,Oz
Australia,1999,8.67,18926,0.244483427676774,25445,24148,2231.0,2077.0,6.1,93.2051146570855,493,15,409,0.84539786537039,Liberal,In,Informed,Informed,Yes,Oz
Australia,2000,10.23,19153,0.247415782008521,26545,25445,2379.0,2231.0,6.2,94.8676447553908,474,16,393,0.835378269722759,Liberal,In,Informed,Informed,Yes,Oz
Australia,2001,9.53,19413,0.250774425736512,27461,26545,2504.0,2379.0,6.2,89.4761242466388,449,15,367,0.824189975789419,Liberal,In,Informed,Informed,Yes,Oz
Australia,2002,10.48,19663,0.25400389085958,28168,27461,2629.0,2504.0,6.2,87.2196511213955,424,14,341,0.81371103087016206,Liberal,In,Informed,Informed,Yes,Oz
Australia,NA,NA,NA,NA,NA,28168,2754.0,2629.0,NA,NA,NA,NA,NA,NA,Liberal,In,Informed,Informed,Yes,Oz
Austria,NA,NA,7678,9.15573575005962,18914,17425,1344.0,1255.0,5.2,202.917426413128,953,16,614,0.651211252930451,Corporatist,Out,Presumed,Presumed,Yes,Aus
Austria,1991,27.6,7755,9.24755544955879,19860,18914,1419.0,1344.0,5.2,200.0,942,12,590,0.644745325596389,Corporatist,Out,Presumed,Presumed,Yes,Aus
Austria,1992,23.1,7841,9.35010732172669,20601,19860,1551.0,1419.0,5.5,178.931258768014,880,14,549,0.637673766101263,Corporatist,Out,Presumed,Presumed,Yes,Aus
Austria,1993,26.2,7906,9.42761745766754,21119,20601,1674.0,1551.0,5.9,162.28181128257,828,13,551,0.632431065013913,Corporatist,Out,Presumed,Presumed,Yes,Aus
Austria,1994,21.4,7936,9.46339136656332,21940,21119,1739.0,1674.0,5.9,168.598790322581,803,11,561,0.630040322580645,Corporatist,Out,Presumed,Presumed,Yes,Aus
Austria,1995,21.5,7948,9.47770093012163,22817,21940,1865.0,1739.0,5.8,152.239557121288,774,10,527,0.629089079013588,Corporatist,Out,Presumed,Presumed,Yes,Aus
Austria,1996,24.7,7959,9.49081803005008,23798,22817,1986.0,1865.0,5.8,129.036311094359,801,11,499,0.628219625581103,Corporatist,Out,Presumed,Presumed,Yes,Aus
Austria,1997,19.5,7968,9.50155020271882,24364,23798,1848.0,1986.0,5.3,138.679718875502,770,9,470,0.627510040160643,Corporatist,Out,Presumed,Presumed,Yes,Aus
Austria,1998,20.7,7977,9.51228237538755,25423,24364,1953.0,1848.0,5.4,120.722075968409,732,11,439,0.626802055910743,Corporatist,Out,Presumed,Presumed,Yes,Aus
Austria,1999,25.9,7992,9.53016932983544,26513,25423,2069.0,1953.0,5.4,135.01001001001,699,8,458,0.625625625625626,Corporatist,Out,Presumed,Presumed,Yes,Aus
Austria,2000,24.0,8012,9.55401860243263,27738,26513,2147.0,2069.0,5.4,121.817274088867,644,9,460,0.624063904143784,Corporatist,Out,Presumed,Presumed,Yes,Aus
Austria,2001,23.9,8030,9.57548294777009,28457,27738,2174.0,2147.0,5.2,119.302615193026,583,9,429,0.62266500622665,Corporatist,Out,Presumed,Presumed,Yes,Aus
Austria,2002,23.8,8053,9.60290961125686,28842,28457,2220.0,2174.0,5.4,118.713522910717,586,9,442,0.620886626102074,Corporatist,Out,Presumed,Presumed,Yes,Aus
Austria,NA,NA,NA,NA,NA,28842,2266.0,2220.0,NA,NA,NA,NA,NA,NA,Corporatist,Out,Presumed,Presumed,Yes,Aus
Belgium,NA,NA,9967,30.1117824773414,18008,16848,1340.0,1246.0,NA,198.254238988663,688,13,565,0.802648740844788,Corporatist,Out,Presumed,Presumed,No,Bel
Belgium,1991,21.0,10005,30.226586102719,18796,18008,1460.0,1340.0,NA,187.206396801599,662,14,561,0.79960019990005,Corporatist,Out,Presumed,Presumed,No,Bel
Belgium,1992,20.6,10045,30.3474320241692,19444,18796,1547.0,1460.0,NA,166.450970632155,646,16,547,0.79641612742658,Corporatist,Out,Presumed,Presumed,No,Bel
Belgium,1993,21.0,10085,30.4682779456193,19733,19444,1595.0,1547.0,NA,164.600892414477,659,19,574,0.793257312840853,Corporatist,Out,Presumed,Presumed,No,Bel
Belgium,1994,22.8,10116,30.5619335347432,20732,19733,1632.0,1595.0,6.0,167.259786476868,615,17,584,0.790826413602214,Corporatist,Out,Presumed,Presumed,No,Bel
Belgium,1995,19.6,10137,30.6253776435045,21679,20732,1882.0,1632.0,6.0,142.941698727434,586,16,549,0.789188122718753,Corporatist,Out,Presumed,Presumed,No,Bel
Belgium,1996,21.2,10157,30.6858006042296,22152,21679,1981.0,1882.0,6.4,133.503987397854,585,19,523,0.78763414394014,Corporatist,Out,Presumed,Presumed,No,Bel
Belgium,1997,22.5,10181,30.7583081570997,22936,22152,1967.0,1981.0,6.0,133.975051566644,574,17,523,0.785777428543365,Corporatist,Out,Presumed,Presumed,No,Bel
Belgium,1998,19.4,10203,30.8247734138973,23738,22936,2041.0,1967.0,6.0,147.015583651867,563,15,523,0.784083112809958,Corporatist,Out,Presumed,Presumed,No,Bel
Belgium,1999,25.2,10226,30.8942598187311,24521,23738,2139.0,2041.0,6.2,136.61255622922,552,13,523,0.782319577547428,Corporatist,Out,Presumed,Presumed,No,Bel
Belgium,2000,25.6,10251,30.9697885196375,25991,24521,2288.0,2139.0,6.2,143.400643839625,541,11,523,0.780411667154424,Corporatist,Out,Presumed,Presumed,No,Bel
Belgium,2001,22.2,10287,31.0785498489426,27113,25991,2441.0,2288.0,6.4,144.454165451541,530,9,523,0.777680567706814,Corporatist,Out,Presumed,Presumed,No,Bel
Belgium,2002,21.7,10333,31.2175226586103,27652,27113,2515.0,2441.0,6.5,145.359527726701,519,7,523,0.774218523178167,Corporatist,Out,Presumed,Presumed,No,Bel
Belgium,NA,NA,NA,NA,NA,27652,2589.0,2515.0,NA,NA,NA,NA,NA,NA,Corporatist,Out,Presumed,Presumed,No,Bel
Canada,NA,NA,27701,0.277826532178071,19044,18699,1714.0,1600.0,6.7,143.063427313093,476,20,469,1.11909317353164,Liberal,In,Informed,Informed,Yes,Can
Canada,1991,14.7,28031,0.281136259466572,19101,19044,1855.0,1714.0,7.2,131.639970033178,462,22,463,1.1059184474332,Liberal,In,Informed,Informed,Yes,Can
Canada,1992,12.6,28377,0.284606458381182,19590,19101,1959.0,1855.0,7.4,123.37456390739,449,20,436,1.09243401346161,Liberal,In,Informed,Informed,Yes,Can
Canada,1993,14.1,28703,0.287876067763156,20269,19590,2002.0,1959.0,7.2,125.94502316831,463,17,440,1.08002647806849,Liberal,In,Informed,Informed,Yes,Can
Canada,1994,13.9,29036,0.291215883481552,21428,20269,2039.0,2002.0,6.9,112.377737980438,444,17,422,1.06764017082243,Liberal,In,Informed,Informed,Yes,Can
Canada,1995,14.8,29354,0.294405257050471,22292,21428,2044.0,2039.0,6.5,114.158206717994,434,16,424,1.05607412959052,Liberal,In,Informed,Informed,Yes,Can
Canada,1996,14.0,29672,0.29759463061939,22764,22292,2039.0,2044.0,6.3,104.172283634403,432,17,417,1.04475599892154,Liberal,In,Informed,Informed,Yes,Can
Canada,1997,14.2,29987,0.300753915758414,23949,22764,2130.0,2039.0,6.2,102.177610297796,430,14,399,1.03378130523227,Liberal,In,Informed,Informed,Yes,Can
Canada,1998,13.7,30248,0.303371609159319,25013,23949,2291.0,2130.0,6.5,97.4940491933351,407,15,398,1.02486114784449,Liberal,In,Informed,Informed,Yes,Can
Canada,1999,13.8,30499,0.305889007793906,26658,25013,2400.0,2291.0,6.3,97.8720613790616,387,15,411,1.01642676809076,Liberal,In,Informed,Informed,Yes,Can
Canada,2000,15.3,30770,0.30860699596113,28472,26658,2541.0,2400.0,6.3,95.0926226844329,378,15,382,1.00747481312967,Liberal,In,Informed,Informed,Yes,Can
Canada,2001,13.5,31111,0.312027047492581,29235,28472,2743.0,2541.0,6.6,89.2931760470573,369,15,353,0.99643213011475,Liberal,In,Informed,Informed,Yes,Can
Canada,2002,13.0,31414,0.315065978912022,30429,29235,2931.0,2743.0,6.7,83.7206341121793,360,15,324,0.986821162538995,Liberal,In,Informed,Informed,Yes,Can
Canada,NA,NA,NA,NA,NA,30429,3119.0,2931.0,NA,NA,NA,NA,NA,NA,Liberal,In,Informed,Informed,Yes,Can
Denmark,NA,NA,5141,11.9308424228359,18285,17460,1554.0,1506.0,7.0,123.322310834468,699,10,582,0.778058743435129,SocDem,In,Informed,Informed,Yes,Den
Denmark,1991,11.7,5154,11.9610118356927,19126,18285,1603.0,1554.0,7.0,117.578579743888,688,13,572,0.776096235933256,SocDem,In,Informed,Informed,Yes,Den
Denmark,1992,16.1,5171,12.0004641448132,19644,19126,1660.0,1603.0,7.0,111.58383291433,691,13,565,0.7735447689035,SocDem,In,Informed,Informed,Yes,Den
Denmark,1993,14.7,5189,12.0422371779995,20056,19644,1757.0,1660.0,7.2,107.727885912507,714,12,574,0.770861437656581,SocDem,In,Informed,Informed,Yes,Den
Denmark,1994,12.9,5206,12.08168948712,21494,20056,1834.0,1757.0,7.0,104.878985785632,646,13,548,0.768344218209758,SocDem,In,Informed,Informed,Yes,Den
Denmark,1995,12.9,5233,12.1443490368995,22462,21494,1843.0,1834.0,6.8,111.217274985668,655,11,535,0.764379896808714,SocDem,In,Informed,Informed,Yes,Den
Denmark,1996,14.0,5263,12.2139707588768,23548,22462,1949.0,1843.0,6.8,97.6629298878966,650,11,499,0.760022800684021,SocDem,In,Informed,Informed,Yes,Den
Denmark,1997,11.4,5285,12.2650266883268,24676,23548,2028.0,1949.0,6.8,92.5260170293283,606,11,506,0.75685903500473,SocDem,In,Informed,Informed,Yes,Den
Denmark,1998,11.0,5304,12.309120445579,25537,24676,2141.0,2028.0,6.9,94.079939668175,580,9,482,0.754147812971342,SocDem,In,Informed,Informed,Yes,Den
Denmark,1999,14.3,5322,12.3508934787654,26985,25537,2297.0,2141.0,7.0,96.5802329951146,588,11,495,0.751597143930853,SocDem,In,Informed,Informed,Yes,Den
Denmark,2000,12.5,5340,12.3926665119517,28146,26985,2351.0,2297.0,6.9,97.5655430711611,596,13,508,0.749063670411985,SocDem,In,Informed,Informed,Yes,Den
Denmark,2001,12.9,5359,12.436760269204,29203,28146,2523.0,2353.0,7.1,80.4254525097966,604,15,521,0.746407911923866,SocDem,In,Informed,Informed,Yes,Den
Denmark,2002,12.7,5376,12.4762125783244,29228,29203,2580.0,2520.0,7.3,86.1235119047619,612,17,534,0.744047619047619,SocDem,In,Informed,Informed,Yes,Den
Denmark,NA,NA,NA,NA,NA,29228,2637.0,2583.0,NA,NA,NA,NA,NA,NA,SocDem,In,Informed,Informed,Yes,Den
Finland,NA,NA,4986,1.47449356794322,18025,17436,1414.0,1268.0,6.3,130.16446048937,957,30,853,0.601684717208183,SocDem,NA,Presumed,Informed,No,Fin
Finland,1991,16.8,5014,1.48277391690078,17281,18025,1547.0,1414.0,7.3,126.047068209015,939,28,823,0.598324690865576,SocDem,NA,Presumed,Informed,No,Fin
Finland,1992,19.4,5042,1.49105426585835,16943,17281,1542.0,1547.0,7.2,119.198730662436,886,32,792,0.595001983339944,SocDem,NA,Presumed,Informed,No,Fin
Finland,1993,19.6,5066,1.49815170782197,17082,16943,1421.0,1542.0,6.3,95.5388866956178,932,31,741,0.592183181997631,SocDem,NA,Presumed,Informed,No,Fin
Finland,1994,20.0,5088,1.50465769628863,17993,17082,1390.0,1421.0,5.8,94.3396226415094,830,29,738,0.589622641509434,SocDem,NA,Presumed,Informed,No,Fin
Finland,1995,19.4,5108,1.51057223125832,19031,17993,1428.0,1390.0,5.7,86.335160532498,875,28,737,0.587314017227878,SocDem,NA,Presumed,Informed,No,Fin
Finland,1996,19.5,5125,1.51559958598255,19842,19031,1517.0,1428.0,5.8,78.8292682926829,736,32,686,0.585365853658537,SocDem,NA,Presumed,Informed,No,Fin
Finland,1997,16.3,5140,1.52003548720982,21691,19842,1580.0,1517.0,5.5,85.2140077821012,721,25,701,0.583657587548638,SocDem,NA,Presumed,Informed,No,Fin
Finland,1998,19.8,5154,1.5241756616886,23267,21691,1607.0,1580.0,5.3,77.6096235933256,670,22,686,0.582072176949942,SocDem,NA,Presumed,Informed,No,Fin
Finland,1999,16.5,5166,1.52772438267041,23702,23267,1641.0,1607.0,5.2,83.4301200154859,652,24,673,0.580720092915215,SocDem,NA,Presumed,Informed,No,Fin
Finland,2000,19.9,5176,1.53068165015526,25397,23702,1698.0,1641.0,5.0,76.5069551777434,639,25,657,0.579598145285935,SocDem,NA,Presumed,Informed,No,Fin
Finland,2001,17.0,5188,1.53423037113707,26376,25397,1841.0,1698.0,5.3,83.4618350038551,604,26,660,0.578257517347726,SocDem,NA,Presumed,Informed,No,Fin
Finland,2002,17.1,5201,1.53807481886737,26616,26376,1943.0,1841.0,5.5,79.7923476254566,587,25,638,0.576812151509325,SocDem,NA,Presumed,Informed,No,Fin
Finland,NA,NA,NA,NA,NA,26616,2045.0,1943.0,NA,NA,NA,NA,NA,NA,SocDem,NA,Presumed,Informed,No,Fin
France,NA,NA,56709,10.2826835902085,18162,17113,1555.0,1555.0,6.6,197.764023347264,529,10,689,0.722989296231639,Corporatist,Out,Presumed,Informed,No,Fra
France,1991,19.1,56976,10.3310970081596,18989,18162,1668.0,1555.0,6.7,183.989750070205,520,10,668,0.719601235607975,Corporatist,Out,Presumed,Informed,No,Fra
France,1992,16.8,57240,10.3789664551224,19566,18989,1769.0,1668.0,6.9,172.955974842767,487,10,650,0.716282320055905,Corporatist,Out,Presumed,Informed,No,Fra
France,1993,17.1,57467,10.4201269265639,19763,19566,1866.0,1769.0,7.2,171.69854003167,473,11,645,0.713452938208015,Corporatist,Out,Presumed,Informed,No,Fra
France,1994,15.4,57659,10.4549410698096,20655,19763,1937.0,1866.0,7.1,156.419639605265,437,11,615,0.711077195234049,Corporatist,Out,Presumed,Informed,No,Fra
France,1995,15.1,57844,10.4884859474161,21283,20655,2025.0,1937.0,7.3,153.706520987484,431,10,602,0.708802987345273,Corporatist,Out,Presumed,Informed,No,Fra
France,1996,15.1,58026,10.5214868540345,21990,21283,2091.0,2025.0,7.2,147.192637783063,424,10,580,0.706579809051115,Corporatist,Out,Presumed,Informed,No,Fra
France,1997,15.0,58208,10.5544877606528,23113,21990,2163.0,2091.0,7.1,145.065970313359,409,9,571,0.704370533260033,Corporatist,Out,Presumed,Informed,No,Fra
France,1998,16.5,58398,10.588939256573,24044,23113,2231.0,2163.0,7.1,152.710709270865,405,7,581,0.702078838316381,Corporatist,Out,Presumed,Informed,No,Fra
France,1999,16.2,58623,10.629737080689,24856,24044,2306.0,2231.0,7.1,144.772529553247,394,7,572,0.699384200740324,Corporatist,Out,Presumed,Informed,No,Fra
France,2000,17.0,58896,10.6792384406165,25928,24856,2416.0,2306.0,7.1,137.174001629992,383,7,563,0.69614235262157,Corporatist,Out,Presumed,Informed,No,Fra
France,2001,17.8,59192,10.7329102447869,27394,25928,2588.0,2416.0,7.2,137.856467090147,372,7,554,0.692661170428436,Corporatist,Out,Presumed,Informed,No,Fra
France,2002,20.0,59486,10.7862194016319,28094,27394,2736.0,2588.0,7.4,128.685741182799,361,7,545,0.689237803853007,Corporatist,Out,Presumed,Informed,No,Fra
France,NA,NA,NA,NA,NA,28094,2884.0,2760.0,NA,NA,NA,NA,NA,NA,Corporatist,Out,Presumed,Informed,No,Fra
Germany,NA,NA,63254,17.7167184830406,20359,19015,1729.0,1630.0,6.5,174.629272457078,846,10,477,0.695608182881715,Corporatist,In,Informed,Informed,Yes,Ger
Germany,1991,13.3,80014,22.411001876593,17511,20359,1845.5,1729.0,7.25,141.225285575024,880,11,480,0.549903766840803,Corporatist,In,Informed,Informed,Yes,Ger
Germany,1992,14.2,80625,22.5821359549618,19811,17511,1962.0,1845.5,8.0,131.857364341085,834,11,456,0.545736434108527,Corporatist,In,Informed,Informed,Yes,Ger
Germany,1993,13.9,81156,22.7308629526931,19983,19811,1988.0,1962.0,8.0,122.591059194637,817,11,432,0.542165705554734,Corporatist,In,Informed,Informed,Yes,Ger
Germany,1994,12.3,81438,22.8098479119402,20690,19983,2106.0,1988.0,8.2,120.508853360839,791,11,417,0.540288317493062,Corporatist,In,Informed,Informed,Yes,Ger
Germany,1995,12.8,81678,22.8770691538526,21411,20690,2263.0,2106.0,8.5,115.747202429051,753,11,399,0.538700751732413,Corporatist,In,Informed,Informed,Yes,Ger
Germany,1996,12.7,81915,22.9434501302412,22164,21411,2410.0,2263.0,8.8,106.915705304279,725,11,385,0.537142159555637,Corporatist,In,Informed,Informed,Yes,Ger
Germany,1997,13.2,82035,22.9770607511974,22589,22164,2416.0,2410.0,8.5,104.211616992747,679,9,370,0.536356433229719,Corporatist,In,Informed,Informed,Yes,Ger
Germany,1998,13.4,82047,22.980421813293,23283,22589,2470.0,2416.0,8.3,94.9699562445915,650,9,345,0.536277987007447,Corporatist,In,Informed,Informed,Yes,Ger
Germany,1999,13.2,82100,22.9952665042153,24100,23283,2563.0,2470.0,8.4,94.6650426309379,608,9,339,0.535931790499391,Corporatist,In,Informed,Informed,Yes,Ger
Germany,2000,12.5,82212,23.0266364171078,24942,24100,2640.0,2563.0,8.3,91.2640490439352,558,7,338,0.535201673721598,Corporatist,In,Informed,Informed,Yes,Ger
Germany,2001,12.8,82350,23.0652886312075,25436,24942,2735.0,2640.0,8.5,84.7237401335762,535,7,329,0.534304796599879,Corporatist,In,Informed,Informed,Yes,Ger
Germany,2002,12.2,82489,23.1042209338151,25843,25436,2830.0,2735.0,8.6,82.9443925856781,512,7,320,0.53340445392719,Corporatist,In,Informed,Informed,Yes,Ger
Germany,NA,NA,NA,NA,NA,25843,2925.0,2830.0,NA,NA,NA,NA,NA,NA,Corporatist,In,Informed,Informed,Yes,Ger
Italy,NA,NA,56719,18.8222605694564,17430,16525,1397.0,1274.0,6.4,125.83085033234,886,25,422,0.458400183360073,Corporatist,In,Presumed,Informed,No,Ita
Italy,1991,5.2,56751,18.8328798035442,18209,17430,1520.0,1397.0,6.6,142.429208295889,876,27,435,0.458141706754066,Corporatist,In,Presumed,Informed,No,Ita
Italy,1992,5.8,56859,18.8687197185903,18883,18209,1584.0,1520.0,6.5,140.945145007826,832,21,419,0.457271496157161,Corporatist,In,Presumed,Informed,No,Ita
Italy,1993,6.2,57049,18.9317714209863,19124,18883,1554.0,1584.0,6.2,125.558730214377,821,16,396,0.455748567021333,Corporatist,In,Presumed,Informed,No,Ita
Italy,1994,7.9,57204,18.9832083360988,19903,19124,1557.0,1554.0,5.9,123.959862946647,791,15,381,0.454513670372701,Corporatist,In,Presumed,Informed,No,Ita
Italy,1995,10.1,57301,19.0153978894272,20652,19903,1524.0,1557.0,5.3,122.510950943265,715,14,376,0.453744262752832,Corporatist,In,Presumed,Informed,No,Ita
Italy,1996,11.0,57397,19.0472555916904,21396,20652,1605.0,1524.0,5.4,116.312699269997,670,14,366,0.452985347666254,Corporatist,In,Presumed,Informed,No,Ita
Italy,1997,11.6,57512,19.0854184641933,22030,21396,1705.0,1605.0,5.6,116.706078731395,669,12,365,0.452079566003617,Corporatist,In,Presumed,Informed,No,Ita
Italy,1998,12.3,57588,19.1106391451517,23291,22030,1800.0,1705.0,5.6,109.640897409182,670,12,359,0.451482947836355,Corporatist,In,Presumed,Informed,No,Ita
Italy,1999,13.7,57646,19.1298865069357,23729,23291,1853.0,1800.0,5.6,115.064358324949,627,11,343,0.451028692363737,Corporatist,In,Presumed,Informed,No,Ita
Italy,2000,14.2,57762,19.1683812305038,24629,23729,2001.0,1853.0,6.0,110.972611751671,597,10,327,0.450122918181503,Corporatist,In,Presumed,Informed,No,Ita
Italy,2001,17.1,57894,19.2121855711157,25359,24629,2107.0,2001.0,6.3,115.417832590597,567,9,311,0.449096624866135,Corporatist,In,Presumed,Informed,No,Ita
Italy,2002,18.1,57994,19.2453706776399,25569,25359,2166.0,2107.0,6.4,119.908956098907,537,8,295,0.448322240231748,Corporatist,In,Presumed,Informed,No,Ita
Italy,NA,NA,NA,NA,NA,25569,2225.0,2166.0,NA,NA,NA,NA,NA,NA,Corporatist,In,Presumed,Informed,No,Ita
Ireland,NA,NA,3514,5.00071154119824,12917,11434,791.0,727.0,4.4,136.027319294252,825,7,432,0.853727945361411,Liberal,In,Informed,Informed,Yes,Irl
Ireland,1991,19.0,3534,5.02917318912765,13495,12917,884.0,791.0,4.8,125.919637804188,807,6,410,0.848896434634975,Liberal,In,Informed,Informed,Yes,Irl
Ireland,1992,19.5,3558,5.06332716664295,14241,13495,1005.0,884.0,5.0,116.63856098932,787,8,379,0.843170320404722,Liberal,In,Informed,Informed,Yes,Irl
Ireland,1993,17.1,3576,5.08894264977942,14927,14241,1041.0,1005.0,5.1,120.525727069351,802,7,374,0.838926174496644,Liberal,In,Informed,Informed,Yes,Irl
Ireland,1994,20.3,3590,5.10886580333001,15990,14927,1119.0,1041.0,5.0,112.534818941504,749,7,392,0.835654596100278,Liberal,In,Informed,Informed,Yes,Irl
Ireland,1995,24.6,3609,5.13590436886296,17789,15990,1208.0,1119.0,4.9,121.086173455251,733,8,387,0.831255195344971,Liberal,In,Informed,Informed,Yes,Irl
Ireland,1996,16.8,3636,5.17432759356767,19245,17789,1269.0,1208.0,4.7,124.587458745875,719,9,391,0.825082508250825,Liberal,In,Informed,Informed,Yes,Irl
Ireland,1997,20.9,3673,5.22698164223709,22017,19245,1417.0,1269.0,4.8,128.777566022325,665,8,394,0.81677103185407,Liberal,In,Informed,Informed,Yes,Irl
Ireland,1998,23.8,3715,5.28675110288886,23995,22017,1487.0,1417.0,4.7,123.28398384926,614,11,417,0.807537012113055,Liberal,In,Informed,Informed,Yes,Irl
Ireland,1999,18.7,3756,5.34509748114416,25936,23995,1623.0,1487.0,4.6,110.223642172524,663,10,409,0.798722044728434,Liberal,In,Informed,Informed,Yes,Irl
Ireland,2000,17.6,3801,5.40913618898534,27891,25936,1774.0,1623.0,4.7,109.181794264667,631,10,394,0.789265982636148,Liberal,In,Informed,Informed,Yes,Irl
Ireland,2001,18.2,3863,5.49736729756653,29703,27891,2059.0,1774.0,5.2,106.652860471136,599,10,379,0.776598498576236,Liberal,In,Informed,Informed,Yes,Irl
Ireland,2002,21.0,3932,5.59555998292301,32571,29703,2367.0,2059.0,5.5,95.6256358087487,567,10,364,0.762970498474059,Liberal,In,Informed,Informed,Yes,Irl
Ireland,NA,NA,NA,NA,NA,32571,2675.0,2367.0,NA,NA,NA,NA,NA,NA,Liberal,In,Informed,Informed,Yes,Irl
Netherlands,NA,NA,14952,36.0028894774862,17707,16580,1419.0,1320.0,5.4,92.027822364901,649,9,310,0.735687533440342,SocDem,In,Informed,Informed,Yes,Neth
Netherlands,1991,14.9,15070,36.2870214302914,18708,17707,1532.0,1419.0,5.7,85.0033178500332,651,11,314,0.72992700729927,SocDem,In,Informed,Informed,Yes,Neth
Netherlands,1992,15.1,15184,36.561521791476,19285,18708,1623.0,1532.0,6.1,82.5210748155954,650,12,309,0.724446786090622,SocDem,In,Informed,Informed,Yes,Neth
Netherlands,1993,15.4,15290,36.8167589694197,19856,19285,1700.0,1623.0,6.3,80.7717462393721,638,12,295,0.719424460431655,SocDem,In,Informed,Informed,Yes,Neth
Netherlands,1994,13.1,15383,37.0406934745967,20768,19856,1745.0,1700.0,6.1,84.3788597802769,616,10,294,0.715075082883703,SocDem,In,Informed,Informed,Yes,Neth
Netherlands,1995,15.2,15459,37.2236937153865,21723,20768,1827.0,1745.0,6.0,86.2927744356039,594,12,286,0.711559609289087,SocDem,In,Informed,Informed,Yes,Neth
Netherlands,1996,15.1,15531,37.3970623645557,22541,21723,1878.0,1827.0,5.5,75.9770781018608,577,13,293,0.708260897559719,SocDem,In,Informed,Informed,Yes,Neth
Netherlands,1997,14.4,15611,37.5896941969661,23753,22541,1936.0,1878.0,5.5,74.4987508807892,563,13,282,0.704631349689322,SocDem,In,Informed,Informed,Yes,Neth
Netherlands,1998,13.0,15707,37.8208523958584,24780,23753,2016.0,1936.0,5.5,67.8678296301012,552,11,265,0.700324695995416,SocDem,In,Informed,Informed,Yes,Neth
Netherlands,1999,10.9,15812,38.0736816758969,25438,24780,2098.0,2016.0,5.5,68.9349860865166,557,12,276,0.695674171515305,SocDem,In,Informed,Informed,Yes,Neth
Netherlands,2000,12.6,15926,38.3481820370816,26873,25438,2196.0,2098.0,5.5,67.939218887354,538,11,270,0.690694461886224,SocDem,In,Informed,Informed,Yes,Neth
Netherlands,2001,11.6,16046,38.6371297856971,28756,26873,2455.0,2196.0,5.5,61.8845818272467,519,10,264,0.685529103826499,SocDem,In,Informed,Informed,Yes,Neth
Netherlands,2002,12.6,16149,38.8851432699254,28983,28756,2643.0,2455.0,5.5,61.1183355006502,500,9,258,0.681156727970772,SocDem,In,Informed,Informed,Yes,Neth
Netherlands,NA,NA,NA,NA,NA,28983,2831.0,2643.0,NA,NA,NA,NA,NA,NA,SocDem,In,Informed,Informed,Yes,Neth
Norway,NA,NA,4242,1.30974434975917,17905,16942,1385.0,1297.0,6.4,78.2649693540783,816,11,518,0.235737859500236,SocDem,Out,Presumed,Informed,No,Nor
Norway,1991,15.2,4262,1.31591947634927,19134,17905,1542.0,1385.0,6.8,75.7860159549507,758,14,482,0.234631628343501,SocDem,Out,Presumed,Informed,No,Nor
Norway,1992,14.3,4286,1.32332962825738,20128,19134,1643.0,1542.0,6.9,75.8282781147923,760,11,463,0.233317778814746,SocDem,Out,Presumed,Informed,No,Nor
Norway,1993,17.1,4312,1.3313572928245,21047,20128,1688.0,1643.0,6.8,65.1669758812616,767,10,442,0.23191094619666,SocDem,Out,Presumed,Informed,No,Nor
Norway,1994,16.0,4337,1.33907620106212,22503,21047,1777.0,1688.0,6.7,65.252478671893,696,7,405,0.230574129582661,SocDem,Out,Presumed,Informed,No,Nor
Norway,1995,15.7,4359,1.34586884031123,23868,22503,1892.0,1777.0,6.7,69.9701766460197,668,10,412,0.229410415232852,SocDem,Out,Presumed,Informed,No,Nor
Norway,1996,15.1,4381,1.35266147956033,26218,23868,2064.0,1892.0,6.6,58.2058890664232,689,10,394,0.228258388495777,SocDem,Out,Presumed,Informed,No,Nor
Norway,1997,15.1,4405,1.36007163146845,27784,26218,2179.0,2064.0,6.6,68.7854710556186,646,9,406,0.227014755959137,SocDem,Out,Presumed,Informed,No,Nor
Norway,1998,15.6,4432,1.36840805236507,27323,27784,2314.0,2179.0,7.2,79.4223826714802,639,10,408,0.225631768953069,SocDem,Out,Presumed,Informed,No,Nor
Norway,1999,15.5,4462,1.37767074225022,30005,27323,2561.0,2314.0,7.3,68.1308830121022,593,8,424,0.224114746750336,SocDem,Out,Presumed,Informed,No,Nor
Norway,2000,17.6,4491,1.38662467580585,35829,30005,2747.0,2561.0,6.5,75.9296370518815,554,12,412,0.222667557336896,SocDem,Out,Presumed,Informed,No,Nor
Norway,2001,14.4,4514,1.39372607138446,36554,35829,2946.0,2747.0,6.9,60.9215773150199,523,8,383,0.221533008418254,SocDem,Out,Presumed,Informed,No,Nor
Norway,2002,13.7,4538,1.40113622329258,35531,36554,3083.0,3258.0,7.4,68.3120317320406,492,4,354,0.220361392684002,SocDem,Out,Presumed,Informed,No,Nor
Norway,NA,NA,NA,NA,NA,35531,3220.0,3409.0,NA,NA,NA,NA,NA,NA,SocDem,Out,Presumed,Informed,No,Nor
Spain,NA,NA,38850,7.67801735212158,12971,12051,865.0,759.0,5.3,232.483912483912,862,9,453,0.720720720720721,NA,Out,Presumed,Informed,No,Spa
Spain,1991,20.2,38920,7.6918516176209,13754,12971,946.0,865.0,5.3,227.029804727646,856,9,441,0.719424460431655,NA,Out,Presumed,Informed,No,Spa
Spain,1992,21.7,39011,7.70983616277001,14331,13754,1035.0,946.0,5.6,200.405013970419,786,8,405,0.71774627669119,NA,Out,Presumed,Informed,No,Spa
Spain,1993,22.6,39096,7.72663491373347,14359,14331,1084.0,1035.0,5.8,163.085737671373,752,9,381,0.716185799058727,NA,Out,Presumed,Informed,No,Spa
Spain,1994,25.0,39166,7.74046917923279,15024,14359,1116.0,1084.0,5.6,143.338610018894,719,8,368,0.714905785630394,NA,Out,Presumed,Informed,No,Spa
Spain,1995,27.0,39223,7.75173422399652,15720,15024,1195.0,1116.0,5.5,146.57216429136,681,8,367,0.713866863829896,NA,Out,Presumed,Informed,No,Spa
Spain,1996,26.8,39279,7.76280163639598,16416,15720,1250.0,1195.0,5.5,139.565671223809,644,8,362,0.712849105119784,NA,Out,Presumed,Informed,No,Spa
Spain,1997,29.0,39348,7.77643826953102,17203,16416,1287.0,1250.0,5.4,142.421469960354,609,8,361,0.711599064755515,NA,Out,Presumed,Informed,No,Spa
Spain,1998,31.5,39453,7.79718966778,18332,17203,1371.0,1287.0,5.4,150.989785314171,597,8,366,0.70970521886802,NA,Out,Presumed,Informed,No,Spa
Spain,1999,33.4,39626,7.83138006679974,19546,18332,1467.0,1371.0,5.4,144.803916620401,587,8,351,0.706606773330641,NA,Out,Presumed,Informed,No,Spa
Spain,2000,33.9,40614,8.0266408427044,20017,19546,1493.0,1467.0,5.3,142.2169695179,530,9,349,0.689417442261289,NA,Out,Presumed,Informed,No,Spa
Spain,2001,32.5,41201,8.1426510405344,20864,20017,1567.0,1493.0,5.4,133.880245625106,473,10,347,0.679595155457392,NA,Out,Presumed,Informed,No,Spa
Spain,2002,33.7,41874,8.27565762169213,21592,20864,1646.0,1567.0,5.4,127.692601614367,416,11,345,0.668672684720829,NA,Out,Presumed,Informed,No,Spa
Spain,NA,NA,NA,NA,NA,21592,1725.0,1646.0,NA,NA,NA,NA,NA,NA,NA,Out,Presumed,Informed,No,Spa
Sweden,NA,NA,8559,1.90216908169615,18660,17915,1566.0,1497.0,7.5,99.0769949760486,669,12,468,0.701016473887136,SocDem,Out,Presumed,Informed,No,Swe
Sweden,1991,16.4,8617,1.9150591163659,19000,18660,1552.0,1566.0,7.2,89.5903446675177,670,14,454,0.696298015550656,SocDem,Out,Presumed,Informed,No,Swe
Sweden,1992,14.9,8668,1.9263934571962,19116,19000,1594.0,1552.0,7.3,85.9483156437471,648,13,419,0.692201199815413,SocDem,Out,Presumed,Informed,No,Swe
Sweden,1993,15.2,8719,1.93772779802649,19063,19116,1637.0,1594.0,7.5,87.0512673471729,632,12,407,0.688152311044845,SocDem,Out,Presumed,Informed,No,Swe
Sweden,1994,12.8,8781,1.9515068006045,20132,19063,1648.0,1637.0,7.1,71.9735793189842,605,12,421,0.683293474547318,SocDem,Out,Presumed,Informed,No,Swe
Sweden,1995,13.0,8827,1.96172993154947,21290,20132,1733.0,1648.0,7.1,66.7270873456441,587,10,379,0.679732638495525,SocDem,Out,Presumed,Informed,No,Swe
Sweden,1996,11.9,8841,1.96484131922838,22029,21290,1845.0,1733.0,7.3,64.6985635109151,585,12,363,0.678656260604004,SocDem,Out,Presumed,Informed,No,Swe
Sweden,1997,12.6,8846,1.9659525291137,22756,22029,1870.0,1845.0,7.1,60.705403572236,591,10,366,0.678272665611576,SocDem,Out,Presumed,Informed,No,Swe
Sweden,1998,14.6,8851,1.96706373899902,23525,22756,1961.0,1870.0,7.2,61.123036944978,588,11,368,0.677889504010846,SocDem,Out,Presumed,Informed,No,Swe
Sweden,1999,12.1,8858,1.96861943283847,25099,23525,2119.0,1961.0,7.2,59.9458116956424,571,12,355,0.677353804470535,SocDem,Out,Presumed,Informed,No,Swe
Sweden,2000,10.9,8872,1.97173082051738,26574,25099,2243.0,2119.0,7.2,65.3742110009017,555,10,352,0.676284941388638,SocDem,Out,Presumed,Informed,No,Swe
Sweden,2001,12.1,8896,1.97706462796693,26902,26574,2370.0,2243.0,7.5,65.535071942446,531,9,382,0.674460431654676,SocDem,Out,Presumed,Informed,No,Swe
Sweden,2002,11.0,8925,1.9835096453018,27255,26902,2517.0,2370.0,7.9,62.7450980392157,507,8,412,0.672268907563025,SocDem,Out,Presumed,Informed,No,Swe
Sweden,NA,NA,NA,NA,NA,27255,2664.0,2517.0,NA,NA,NA,NA,NA,NA,SocDem,Out,Presumed,Informed,No,Swe
Switzerland,NA,NA,6712,16.2557519980625,24648,23009,2040.0,1915.0,4.3,142.133492252682,545,13,638,1.04290822407628,Corporatist,NA,Presumed,Informed,No,Swiz
Switzerland,1991,15.6,6797,16.4616129813514,24879,24648,2220.0,2040.0,4.7,126.526408709725,507,13,637,1.02986611740474,Corporatist,NA,Presumed,Informed,No,Swiz
Switzerland,1992,14.8,6875,16.650520707193,25135,24879,2345.0,2220.0,5.0,121.309090909091,492,14,605,1.01818181818182,Corporatist,NA,Presumed,Informed,No,Swiz
Switzerland,1993,16.6,6938,16.8031000242189,25316,25135,2384.0,2345.0,5.1,104.20870567887,477,16,558,1.00893629287979,Corporatist,NA,Presumed,Informed,No,Swiz
Switzerland,1994,15.9,6994,16.9387260837975,25901,25316,2457.0,2384.0,5.1,97.0832141835859,466,13,562,1.0008578781813,Corporatist,NA,Presumed,Informed,No,Swiz
Switzerland,1995,13.0,7041,17.0525550980867,26304,25901,2555.0,2457.0,5.2,98.2814941059509,441,10,443,0.994176963499503,Corporatist,NA,Presumed,Informed,No,Swiz
Switzerland,1996,12.57,7072,17.1276338096391,26180,26304,2654.0,2555.0,5.5,87.10407239819,414,11,417,0.989819004524887,Corporatist,NA,Presumed,Informed,No,Swiz
Switzerland,1997,14.28,7089,17.1688060062969,27675,26180,2812.0,2654.0,5.6,82.8043447594865,412,14,407,0.987445337847369,Corporatist,NA,Presumed,Informed,No,Swiz
Switzerland,1998,15.43,7110,17.2196657786389,28733,27675,2967.0,2812.0,5.7,83.9662447257384,390,8,400,0.984528832630098,Corporatist,NA,Presumed,Informed,No,Swiz
Switzerland,1999,14.42,7144,17.3020101719545,28562,28733,2985.0,2967.0,5.8,81.6069428891377,381,10,387,0.979843225083987,Corporatist,NA,Presumed,Informed,No,Swiz
Switzerland,2000,14.0,7184,17.3988859287963,29837,28562,3111.0,2985.0,5.8,82.4053452115813,354,8,409,0.974387527839644,Corporatist,NA,Presumed,Informed,No,Swiz
Switzerland,2001,13.19,7233,17.5175587309276,30134,29837,3288.0,3111.0,6.2,75.2108392091802,327,6,431,0.967786533941656,Corporatist,NA,Presumed,Informed,No,Swiz
Switzerland,2002,10.4,7290,17.6556066844272,30725,30134,3445.0,3288.0,6.5,70.3703703703704,300,4,453,0.960219478737997,Corporatist,NA,Presumed,Informed,No,Swiz
Switzerland,NA,NA,NA,NA,NA,30725,3602.0,3446.0,NA,NA,NA,NA,NA,NA,Corporatist,NA,Presumed,Informed,No,Swiz
United Kingdom,NA,NA,57238,23.5634597175909,16228,15804,977.0,940.0,5.0,94.3778608616653,858,7,326,0.716307348265139,Liberal,In,Informed,Informed,Yes,UK
United Kingdom,1991,14.2,57439,23.6462064138982,16729,16228,1079.0,977.0,5.4,82.7486550949703,860,7,311,0.713800727728547,Liberal,In,Informed,Informed,Yes,UK
United Kingdom,1992,14.4,57582,23.7050759540571,17110,16729,1184.0,1079.0,5.8,76.0480705776111,818,9,298,0.712028064325657,Liberal,In,Informed,Informed,Yes,UK
United Kingdom,1993,13.9,57711,23.7581820427319,17952,17110,1246.0,1184.0,5.9,68.5657846857618,759,12,288,0.710436485245447,Liberal,In,Informed,Informed,Yes,UK
United Kingdom,1994,14.2,57855,23.8174632579968,18994,17952,1331.0,1246.0,5.9,65.802437127301,721,10,283,0.708668222279838,Liberal,In,Informed,Informed,Yes,UK
United Kingdom,1995,14.4,58005,23.8792145238977,19998,18994,1393.0,1331.0,5.8,64.9081975691751,718,10,279,0.706835617619171,Liberal,In,Informed,Informed,Yes,UK
United Kingdom,1996,13.6,58139,23.9343789881026,20839,19998,1461.0,1393.0,5.8,64.5005934054593,698,9,279,0.705206487899689,Liberal,In,Informed,Informed,Yes,UK
United Kingdom,1997,13.4,58283,23.9936602033675,22442,20839,1535.0,1461.0,5.5,64.2211279446837,671,7,279,0.703464131908104,Liberal,In,Informed,Informed,Yes,UK
United Kingdom,1998,12.3,58440,24.0582931950105,23343,22442,1607.0,1535.0,5.5,61.2765229295003,660,7,274,0.701574264202601,Liberal,In,Informed,Informed,Yes,UK
United Kingdom,1999,12.1,58635,24.1385698406817,24086,23343,1725.0,1607.0,5.8,58.3781018163213,640,8,277,0.699241067621728,Liberal,In,Informed,Informed,Yes,UK
United Kingdom,2000,13.2,58817,24.2134947099749,25271,24086,1839.0,1725.0,5.9,60.8667562099393,620,9,280,0.69707737558869,Liberal,In,Informed,Informed,Yes,UK
United Kingdom,2001,13.2,59051,24.3098266847804,26720,25271,2012.0,1839.0,6.2,60.9303822119862,600,10,283,0.694315083571828,Liberal,In,Informed,Informed,Yes,UK
United Kingdom,2002,13.0,59232,24.3843398789675,27959,26720,2160.0,2012.0,6.4,60.4571853052404,580,11,286,0.692193408968125,Liberal,In,Informed,Informed,Yes,UK
United Kingdom,NA,NA,NA,NA,NA,27959,2308.0,2160.0,NA,NA,NA,NA,NA,NA,Liberal,In,Informed,Informed,Yes,UK
United States,NA,NA,249623,2.59238411937161,23038,22039,2738.0,2475.0,4.7,178.665427464617,474,97,576,1.09765526413832,Liberal,In,Informed,Informed,Yes,USA
United States,1991,17.89,252981,2.62725761209003,23443,23038,2957.0,2738.0,5.2,164.075562986944,457,103,565,1.08308529099023,Liberal,In,Informed,Informed,Yes,USA
United States,1992,17.62,256514,2.66394851434559,24411,23443,3165.0,2957.0,5.5,153.01309090342,447,99,545,1.06816781930031,Liberal,In,Informed,Informed,Yes,USA
United States,1993,18.7,259919,2.6993101113397,25327,24411,3357.0,3165.0,5.7,154.471200643277,454,101,559,1.05417456976981,Liberal,In,Informed,Informed,Yes,USA
United States,1994,19.38,263126,2.7326154392575,26578,25327,3500.0,3357.0,5.9,154.739554433997,453,96,553,1.0413262087365,Liberal,In,Informed,Informed,Yes,USA
United States,1995,20.14,266278,2.76534958132077,27559,26578,3655.0,3500.0,6.0,157.042639647286,457,88,546,1.02899976716064,Liberal,In,Informed,Informed,Yes,USA
United States,1996,20.1,269394,2.79770985627925,28772,27559,3792.0,3655.0,6.0,156.146759022101,452,80,535,1.01709763394879,Liberal,In,Informed,Informed,Yes,USA
United States,1997,20.09,272647,2.83149290327539,30283,28772,3939.0,3792.0,5.9,154.093021379293,443,75,526,1.00496246061758,Liberal,In,Informed,Informed,Yes,USA
United States,1998,21.0,275854,2.86479823119319,31612,30283,4096.0,3939.0,5.8,150.445525531622,428,68,519,0.993279053412312,Liberal,In,Informed,Informed,Yes,USA
United States,1999,20.87,279040,2.89788546996653,33016,31612,4298.0,4096.0,5.8,149.50186353211,440,64,514,0.981938073394495,Liberal,In,Informed,Informed,Yes,USA
United States,2000,21.21,282224,2.93095193834516,34590,33016,4538.0,4298.0,5.8,148.623079539656,432,61,499,0.970860026078576,Liberal,In,Informed,Informed,Yes,USA
United States,2001,21.31,285318,2.96308373896183,35118,34590,4869.0,4538.0,6.2,147.891124990362,424,58,484,0.960331980456894,Liberal,In,Informed,Informed,Yes,USA
United States,2002,21.47,288369,2.99476897609224,36006,35118,5267.0,4869.0,6.6,148.472963460011,416,55,469,0.950171481677989,Liberal,In,Informed,Informed,Yes,USA
United States,NA,NA,NA,NA,NA,36006,5665.0,5267.0,NA,NA,NA,NA,NA,NA,Liberal,In,Informed,Informed,Yes,USA
